[
    {
        "userKey": "QLFqggncKwH7Q23x",
        "discordID": "609728408112332811",
        "userID": "2673048",
        "userCat": "busts",
        "goalRanking": 250,
        "webhookUrl": "https://discord.com/api/webhooks/1326047029259927592/QIX5VhlyGLxDAjX_qWNYjmLk6mPGoxjX5lIf0KQzrn3o-0Ex2qSQmXCuGF29WqdRvfhO",
        "logFile": "logs/2673048_busts_250.csv"
    },
    {
        "userKey": "5KCJquRYywOSD1wP",
        "discordID": "312305920971374602",
        "userID": "2783199",
        "userCat": "level",
        "goalRanking": 1000,
        "webhookUrl": "https://discord.com/api/webhooks/1326047029259927592/QIX5VhlyGLxDAjX_qWNYjmLk6mPGoxjX5lIf0KQzrn3o-0Ex2qSQmXCuGF29WqdRvfhO",
        "logFile": "logs/2783199_awards_1000.csv"
    },
    {
        "userKey": "uGf9KUb1q2jzEKjm",
        "discordID": "312547054092288011",
        "userID": "2371919",
        "userCat": "networth",
        "goalRanking": 100,
        "webhookUrl": "https://discord.com/api/webhooks/1326047029259927592/QIX5VhlyGLxDAjX_qWNYjmLk6mPGoxjX5lIf0KQzrn3o-0Ex2qSQmXCuGF29WqdRvfhO",
        "logFile": "logs/2371919_networth_100.csv"
    }
]